Content,Creator,Date Requested,Description,Due Date,Status,Tags,Type
Shower + Wank,Adam,"June 12, 2025 8:50 PM",1x 12 min  wank unrtil you cum then shower/clean up after + 10 photos,"June 7, 2025",Done,,Pay-per-view
Wanking on the sofa,Adam,"July 3, 2025 1:30 PM","1 x 8 mins video wanking on the sofa, cumshot directly to the table","July 9, 2025",Done,,Pay-per-view
Wank Video,Adam,"July 21, 2025 8:57 AM",,,Done,,Pay-per-view
,,"August 1, 2025 5:57 PM",,,Not started,,
Ass Play,Liam,"September 6, 2025 5:27 PM",x1 5 min video fingering (or dildo) & cumming,,Not started,"Photos, Videos",Onlyfans
,Liam,"September 6, 2025 5:30 PM",30 various photos and short video soft teasers. Review 🔗 https://drive.google.com/drive/folders/1vR1GwiJ9VV_312ZJpdol6MhRcodJ9XIR?usp=sharing folder.,,Not started,"Photos, Videos",Twitter
#DF3 Shower 1,Liam,"September 8, 2025 10:49 AM",#DF3 Shower 1 ,,Not started,,Onlyfans
Finger & Jerking off,Liam,"September 8, 2025 10:50 AM",1x 8 min wank + finger until you cum + 10 photos,,Not started,"Photos, Videos",Onlyfans
Ass tease + Jerking off,Liam,"September 8, 2025 10:51 AM","1x 7 mins wank + ass teasing, no finger + 10 photos",,Not started,,Onlyfans
Stripping video + Ass play,Liam,"September 8, 2025 10:52 AM",1x 8  min stripping and fingering + 10 photos,,Not started,,Onlyfans
Wank on the sofa,Adam,"November 10, 2025 6:25 PM",1x 8 min  wank until you cum + 10 photos,"November 15, 2025",Done,,
Wank + finger,Adam,"November 10, 2025 6:26 PM",8 min wanking and fingering + 10 photos,"November 15, 2025",Done,,
Wank + Fleshlight,Adam,"November 10, 2025 6:27 PM",10 min  wank and use fleshlight until you cum + 10 photos,,Not started,,
"#DF4 Fingering 1 ",Liam,"January 6, 2026 11:03 AM",#DF3 Shower 1 ,,Not started,,Onlyfans
#DF5 Fingering 2,Liam,"January 6, 2026 11:03 AM",#DF5 Fingering 2,,Not started,,Onlyfans
OF Timeline,Liam,"January 6, 2026 11:05 AM",Dick and Ass content,,Not started,,Onlyfans
Wank + Ass +Femboy Outfit,Noah Ryder,"January 30, 2026 4:04 AM","1x 12 min stripping, wanking, ass teasing + 10 photos","February 4, 2026",Not started,,Onlyfans
Ass + Toy + Femboy outfit,Noah Ryder,"January 30, 2026 4:04 AM","1x 10 mins ass teasing, playing, fingering and dildo/buttplug + 10 photos","February 4, 2026",Not started,,Onlyfans
Wank + BDSM Outfit,Noah Ryder,"January 30, 2026 4:05 AM",1x 8  min stripping and wanking+ 10 photos,"February 4, 2026",Not started,,Onlyfans
Wank + Ass tease  + In a car if possible,Noah Ryder,"January 30, 2026 4:05 AM","1x 7 mins wank + ass teasing, no finger + 10 photos","February 4, 2026",Not started,,Onlyfans
Wank + Finger + Outside or nature background,Noah Ryder,"January 30, 2026 4:06 AM",1x 8 min wank + finger until you cum + 10 photos,"February 4, 2026",Not started,,Onlyfans
Dildo + BDSM,Noah Ryder,"January 30, 2026 4:06 AM","1x 10 mins strip teasing, ass play + dildo  + 10 photos","February 4, 2026",Not started,,Onlyfans
"Shower + Wank ",Noah Ryder,"January 30, 2026 4:07 AM",1x 12 min  wank unrtil you cum then shower/clean up after + 10 photos,"February 4, 2026",Not started,,Onlyfans
NSFW Content,Noah Ryder,"January 30, 2026 4:07 AM","40 Ass + dick pics, 10 videos (30secs-1mins)","February 4, 2026",Not started,,NSFW Platforms
SFW Content,Noah Ryder,"January 30, 2026 4:09 AM","40 bedroom + outfit pics, 10 videos (30secs-1mins, showing off outfit, talking about your day, plans, random tours)","February 4, 2026",Not started,,SFW Platforms
Pillow Humping + Ass Play,Adam,"April 14, 2026 7:33 AM",1x 7 mins pillow humping + ass play and dildo + 10 photos,"April 19, 2026",Not started,,
FEET,Adam,"April 14, 2026 7:33 AM","10 feet videos, 3-5 minutes each + 50 photos (with a dildo, without a dildo, with oil, with lotion, and with your dick).","April 19, 2026",Not started,,
Dildo,Adam,"April 14, 2026 7:36 AM","1x 10 mins strip teasing, ass play + dildo  + 10 photos","April 19, 2026",Not started,,
Wank + Fnger + Cum,Adam,"April 14, 2026 7:36 AM",1x 8 min wank + finger until you cum (combo)  + 10 photos,,Not started,,
Wank + Ass tease + Cum,Adam,"April 14, 2026 7:36 AM","1x 7 mins wank + ass teasing, no finger + cum  + 10 photos",,Not started,,
Wank + Cum,Adam,"April 14, 2026 7:36 AM",1x 8  min stripping and wanking until you cum + 10 photos,,Not started,,
Feet,Noah Green,"April 14, 2026 7:38 AM","10 feet videos 3-5 minutes each + 50 photos (with a dildo, without a dildo, with oil, with lotion, and with your dick).","April 19, 2026",Not started,,
Wank + Cum,Noah Green,"April 14, 2026 7:38 AM",,"April 19, 2026",Not started,,
Wank + Ass tease + Cum,Noah Green,"April 14, 2026 7:38 AM","1x 7 mins wank + ass teasing, no finger + cum  + 10 photos","April 19, 2026",Not started,,
Wank + Fnger + Cum,Noah Green,"April 14, 2026 7:39 AM",1x 8 min wank + finger until you cum (combo)  + 10 photos,"April 19, 2026",Not started,,
Dildo,Noah Green,"April 14, 2026 7:39 AM","1x 10 mins strip teasing, ass play + dildo  + 10 photos","April 19, 2026",Not started,,
Pillow Humping + Ass Play,Noah Green,"April 14, 2026 7:39 AM",1x 7 mins pillow humping + ass play and dildo + 10 photos,"April 19, 2026",Not started,,